Ticket,slope_normalized,rsi_14,HourOfDay,DayOfWeek,ATR_normalized,dist_ema_atr,bb_position,is_trend,is_long
2,-0.07079041004180908,9.851727485656738,0.0,4.0,0.7110803723335266,-24.44096565246582,-0.3156284987926483,0.0,1.0
4,-0.13217945396900177,70.2176284790039,14.0,2.0,1.3710662126541138,-1.9419224262237549,1.2759087085723877,0.0,0.0
6,-0.10818017274141312,71.63838958740234,15.0,2.0,1.5379234552383423,-1.547455072402954,1.1586774587631226,0.0,0.0
8,-0.05946803092956543,15.550556182861328,13.0,4.0,0.7885286211967468,-21.667964935302734,0.06986016035079956,0.0,1.0
10,-0.08966466039419174,69.19407653808594,9.0,1.0,0.3956699073314667,-11.680279731750488,1.2601099014282227,0.0,0.0
12,-0.09551878273487091,68.18102264404297,15.0,1.0,0.5232638120651245,-5.925018310546875,1.1063945293426514,0.0,0.0
14,-0.09551878273487091,71.11425018310547,16.0,1.0,0.5962972044944763,-3.7352664470672607,1.100986361503601,0.0,0.0
16,-0.1118941679596901,66.04489135742188,10.0,0.0,0.6480383276939392,-2.2543628215789795,1.1149977445602417,0.0,0.0
18,-0.11833856254816055,76.70301055908203,14.0,1.0,0.9999902248382568,2.9657866954803467,1.494869589805603,0.0,0.0
20,-0.10690143704414368,77.38165283203125,17.0,1.0,1.0891505479812622,3.3776907920837402,1.0506316423416138,0.0,0.0
22,-0.07807479798793793,71.08926391601562,15.0,3.0,0.6904364824295044,2.12235426902771,1.171381950378418,0.0,0.0
24,-0.07807479798793793,72.62840270996094,17.0,3.0,1.2496848106384277,2.11833119392395,1.1353708505630493,0.0,0.0
26,-0.054516904056072235,69.97076416015625,12.0,1.0,0.561613917350769,6.355945110321045,1.026990532875061,0.0,0.0
28,-0.04869218170642853,18.415081024169922,15.0,3.0,0.9324374198913574,-7.646762847900391,-0.28767362236976624,0.0,1.0
30,-0.04869218170642853,17.31979751586914,16.0,3.0,1.0562119483947754,-7.245675086975098,-0.14604100584983826,0.0,1.0
32,-0.11108377575874329,18.15605926513672,9.0,1.0,0.4779477119445801,-35.642459869384766,-0.06202046945691109,0.0,1.0
34,-0.10838882625102997,16.916534423828125,12.0,1.0,0.606818675994873,-29.093624114990234,-0.007237601559609175,0.0,1.0
36,-0.10421030968427658,17.818071365356445,11.0,2.0,0.5631170272827148,-34.800716400146484,-0.12901385128498077,0.0,1.0
38,-0.12036588042974472,66.6020278930664,14.0,0.0,0.7100906372070312,-8.756272315979004,1.1776793003082275,0.0,0.0
40,-0.11968064308166504,65.2646484375,17.0,0.0,1.0002962350845337,-5.449272632598877,1.0475186109542847,0.0,0.0
42,-0.11728911846876144,66.3320541381836,14.0,1.0,0.9021982550621033,-4.0466532707214355,1.0048937797546387,0.0,0.0
44,-0.12648425996303558,66.12236785888672,17.0,2.0,1.5734531879425049,-1.347664713859558,1.184819221496582,0.0,0.0
46,-0.044688403606414795,65.49018096923828,13.0,4.0,0.7455211877822876,1.6943550109863281,1.1322413682937622,0.0,0.0
48,-0.044688403606414795,71.94037628173828,14.0,4.0,0.7392871379852295,3.6427001953125,1.2063534259796143,0.0,0.0
50,-0.03981322795152664,67.78730010986328,16.0,4.0,0.7292767763137817,3.3419992923736572,0.9928973317146301,0.0,0.0
52,-0.03981322795152664,73.41278839111328,17.0,4.0,0.8253422975540161,4.7528815269470215,1.0890053510665894,0.0,0.0
54,-0.04552428796887398,67.29183959960938,11.0,0.0,0.5091431140899658,7.821357727050781,0.9207539558410645,0.0,0.0
56,-0.04552428796887398,71.20340728759766,12.0,0.0,0.5205797553062439,9.194599151611328,1.1077265739440918,0.0,0.0
58,-0.04552428796887398,74.32617950439453,14.0,0.0,0.5750360488891602,9.414728164672852,1.0758546590805054,0.0,0.0
60,-0.03211325779557228,68.5779800415039,11.0,1.0,0.3756886422634125,16.314687728881836,1.022914171218872,0.0,0.0
62,-0.023537728935480118,65.20008850097656,12.0,2.0,1.9197989702224731,2.8716793060302734,1.038718819618225,0.0,0.0
64,-0.023537728935480118,66.59410095214844,13.0,2.0,1.8037824630737305,3.185429334640503,1.0561527013778687,0.0,0.0
66,-0.021187473088502884,66.44727325439453,8.0,3.0,0.7539329528808594,8.12036418914795,1.155245304107666,0.0,0.0
68,-0.021187473088502884,70.44542694091797,9.0,3.0,0.645397961139679,10.367733001708984,1.1967283487319946,0.0,0.0
70,-0.04216020554304123,65.47075653076172,8.0,3.0,0.8524795174598694,-0.332500159740448,1.1270517110824585,0.0,0.0
72,-0.04216020554304123,67.57970428466797,9.0,3.0,0.8206796646118164,0.08501455187797546,1.089019775390625,0.0,0.0
74,-0.04027975723147392,67.39349365234375,11.0,3.0,0.8739633560180664,0.3327031135559082,0.9739340543746948,0.0,0.0
76,-0.04027975723147392,72.0592041015625,14.0,3.0,0.9292153120040894,1.4405354261398315,0.9949334859848022,0.0,0.0
78,-0.037279948592185974,77.94447326660156,15.0,3.0,0.9823721647262573,2.8330068588256836,1.1076322793960571,0.0,0.0
80,-0.04167080298066139,87.46812438964844,14.0,4.0,0.8846971988677979,9.152917861938477,1.4752209186553955,0.0,0.0
82,-0.03232581168413162,84.75775909423828,15.0,4.0,0.9471564292907715,8.183601379394531,1.1771713495254517,0.0,0.0
84,-0.06897152215242386,67.75812530517578,14.0,1.0,0.7121692895889282,-5.562420845031738,1.2572908401489258,0.0,0.0
86,-0.060710608959198,73.95632934570312,15.0,1.0,0.7716821432113647,-2.7371604442596436,1.295675277709961,0.0,0.0
88,-0.026775764301419258,66.14981079101562,11.0,4.0,0.6105471849441528,6.323216438293457,0.9517727494239807,0.0,0.0
90,-0.021817807108163834,65.6207504272461,11.0,2.0,0.9599272012710571,2.395876169204712,0.987578809261322,0.0,0.0
92,-0.022285934537649155,66.41629028320312,16.0,3.0,1.4105626344680786,2.167483329772949,1.1201541423797607,0.0,0.0
94,-0.019889002665877342,71.83828735351562,9.0,4.0,0.8816176056861877,6.572131156921387,0.9267392158508301,0.0,0.0
96,-0.019889002665877342,73.29902648925781,10.0,4.0,0.8714542388916016,7.060153484344482,0.9446800351142883,0.0,0.0
98,0.001931330538354814,66.5300521850586,11.0,1.0,0.6347638368606567,8.31201457977295,0.9387837052345276,0.0,0.0
100,0.001931330538354814,72.82160186767578,12.0,1.0,0.7184642553329468,8.808978080749512,1.1158696413040161,0.0,0.0
102,0.0044399527832865715,69.35514068603516,15.0,1.0,0.9148508310317993,6.984151363372803,1.0033679008483887,0.0,0.0
104,0.0044399527832865715,75.5436019897461,16.0,1.0,1.0409551858901978,7.4937639236450195,1.1360065937042236,0.0,0.0
106,0.013383216224610806,72.59884643554688,14.0,2.0,0.9135730266571045,9.328886985778809,1.1202356815338135,0.0,0.0
108,0.014685132540762424,80.0739974975586,15.0,2.0,1.0116068124771118,10.376465797424316,1.312798261642456,0.0,0.0
110,0.014685132540762424,86.10186767578125,16.0,2.0,1.112596035003662,12.051998138427734,1.334419846534729,0.0,0.0
112,0.022926557809114456,75.1029052734375,9.0,3.0,0.6526592969894409,21.484119415283203,0.967459499835968,0.0,0.0
114,0.05020420253276825,69.54049682617188,14.0,2.0,1.142460823059082,6.844134330749512,1.0532053709030151,0.0,0.0
116,0.04364652931690216,76.27949523925781,15.0,2.0,1.191842794418335,8.126327514648438,1.2054429054260254,0.0,0.0
118,0.04904299974441528,69.5333023071289,9.0,1.0,0.6621590256690979,4.377101898193359,1.3234928846359253,0.0,0.0
120,0.04904299974441528,75.1078109741211,10.0,1.0,0.6868934035301208,6.011253833770752,1.2831233739852905,0.0,0.0
122,0.043836869299411774,76.25931549072266,11.0,1.0,0.7280855774879456,6.037489414215088,1.1408789157867432,0.0,0.0
124,0.044120121747255325,71.2486572265625,14.0,2.0,0.8911011219024658,6.1507344245910645,1.3180640935897827,0.0,0.0
126,0.03908861428499222,77.0855712890625,16.0,2.0,1.1357067823410034,6.250466346740723,1.1695772409439087,0.0,0.0
128,0.03908861428499222,79.32986450195312,17.0,2.0,1.222309947013855,6.430140972137451,1.11667799949646,0.0,0.0
130,0.009512390941381454,70.61769104003906,11.0,4.0,0.625761866569519,-1.0827301740646362,1.0931538343429565,0.0,0.0
132,0.009512390941381454,67.05008697509766,12.0,4.0,0.6668663024902344,-1.427233099937439,0.9785350561141968,0.0,0.0
134,-0.019204270094633102,71.1428451538086,12.0,1.0,0.6406337022781372,1.3188114166259766,1.1682546138763428,0.0,0.0
136,-0.019204270094633102,73.02198028564453,13.0,1.0,0.6852806210517883,1.8793047666549683,1.0996066331863403,0.0,0.0
138,-0.019204270094633102,77.66730499267578,14.0,1.0,0.7455459237098694,3.5022132396698,1.1362725496292114,0.0,0.0
140,-0.013228051364421844,83.08816528320312,15.0,1.0,0.810687780380249,6.009702682495117,1.195208191871643,0.0,0.0
142,-0.0024703049566596746,71.66703796386719,15.0,2.0,0.8972103595733643,7.575138568878174,1.0899912118911743,0.0,0.0
144,-0.0024703049566596746,76.9893569946289,16.0,2.0,0.9912362694740295,8.603926658630371,1.2322646379470825,0.0,0.0
146,0.005064894910901785,74.0767593383789,10.0,3.0,0.6726410984992981,14.568944931030273,0.8649381399154663,0.0,0.0
148,0.01904425397515297,67.39485931396484,17.0,0.0,1.1473246812820435,3.314260721206665,1.0645198822021484,0.0,0.0
150,0.020972980186343193,70.01685333251953,9.0,2.0,0.4947046935558319,13.235091209411621,1.1889011859893799,0.0,0.0
152,0.03830672428011894,19.1505069732666,14.0,1.0,0.6239391565322876,-8.112512588500977,0.01967546157538891,0.0,1.0
154,0.033069588243961334,18.33500099182129,15.0,1.0,0.6632459759712219,-8.04513931274414,0.053800780326128006,0.0,1.0
156,-0.021264085546135902,65.03579711914062,17.0,2.0,0.9253780245780945,-0.7868274450302124,0.9254290461540222,0.0,0.0
158,-0.02001527138054371,68.60875701904297,7.0,3.0,0.49901607632637024,0.9140986800193787,0.9256090521812439,0.0,0.0
160,-0.02001527138054371,68.09320831298828,8.0,3.0,0.4446132779121399,0.9357296228408813,0.8897250890731812,0.0,0.0
162,-0.018143435940146446,66.9601821899414,7.0,4.0,1.3043935298919678,1.0047731399536133,0.9343538880348206,0.0,0.0
164,-0.015617677010595798,71.4649887084961,11.0,4.0,1.444735050201416,2.061155080795288,1.0267478227615356,0.0,0.0
166,-0.015617677010595798,75.24429321289062,12.0,4.0,1.5294514894485474,2.6636502742767334,1.0580799579620361,0.0,0.0
168,-0.08034208416938782,67.11213684082031,15.0,1.0,0.9260232448577881,-3.0509183406829834,1.141320824623108,0.0,0.0
170,-0.08034208416938782,74.03787994384766,16.0,1.0,1.0569299459457397,-0.5569480061531067,1.2550945281982422,0.0,0.0
172,-0.04735691845417023,70.03596496582031,9.0,3.0,0.7193061709403992,3.639392137527466,1.1039870977401733,0.0,0.0
174,-0.04735691845417023,71.33033752441406,10.0,3.0,0.6790307760238647,4.350856304168701,1.0512303113937378,0.0,0.0
176,-0.022751668468117714,81.6460952758789,9.0,0.0,0.6518521904945374,10.602680206298828,1.2147687673568726,0.0,0.0
178,-0.022751668468117714,77.00505065917969,10.0,0.0,0.6376665830612183,9.955692291259766,1.0461137294769287,0.0,0.0
180,-0.008711770176887512,73.54236602783203,14.0,4.0,1.115609049797058,3.3074615001678467,1.3498518466949463,0.0,0.0
182,-0.007039530202746391,77.9389877319336,15.0,4.0,1.1159805059432983,5.147911548614502,1.258695125579834,0.0,0.0
184,-0.009975306689739227,65.4700927734375,15.0,1.0,0.7684239745140076,6.774346828460693,0.887281060218811,0.0,0.0
186,-0.004176727961748838,72.49258422851562,9.0,2.0,0.6791732907295227,10.155710220336914,1.1530756950378418,0.0,0.0
188,-0.004176727961748838,75.1878890991211,10.0,2.0,0.7595176696777344,10.03160572052002,1.1288344860076904,0.0,0.0
190,-0.0018356031505391002,75.7169189453125,12.0,2.0,0.7277001738548279,11.114167213439941,1.0268479585647583,0.0,0.0
192,-0.0018356031505391002,76.06702423095703,14.0,2.0,0.768837571144104,10.453640937805176,0.9121912121772766,0.0,0.0
194,0.0009633202571421862,80.1617202758789,15.0,2.0,0.852173388004303,10.902063369750977,0.9803317189216614,0.0,0.0
196,0.0009633202571421862,82.89007568359375,17.0,2.0,1.0586779117584229,9.630261421203613,0.9414888620376587,0.0,0.0
198,0.010932080447673798,71.81014251708984,16.0,3.0,1.037710428237915,6.4655656814575195,0.9383730888366699,0.0,0.0
200,0.018552614375948906,78.04322814941406,17.0,4.0,0.9815909266471863,13.348708152770996,1.0533639192581177,0.0,0.0
202,0.018553264439105988,66.3946533203125,8.0,1.0,1.2397234439849854,0.45300939679145813,0.9313308000564575,0.0,0.0
204,0.018553264439105988,73.6567153930664,9.0,1.0,1.2332371473312378,1.5269545316696167,1.077258825302124,0.0,0.0
206,0.004449013154953718,70.49340057373047,17.0,3.0,1.1078150272369385,2.83068585395813,1.1283695697784424,0.0,0.0
208,0.010832849889993668,73.13973999023438,17.0,4.0,0.894440233707428,6.99828577041626,1.3788093328475952,0.0,0.0
210,-0.005961958318948746,65.06798553466797,12.0,3.0,1.0133315324783325,-0.29535967111587524,0.9709523916244507,0.0,0.0
212,-0.005961958318948746,69.40413665771484,13.0,3.0,0.8788686990737915,0.7926679849624634,1.0650535821914673,0.0,0.0
214,-0.005813593044877052,72.20853424072266,15.0,3.0,0.8985400199890137,1.5309147834777832,1.0361888408660889,0.0,0.0
216,-0.005813593044877052,76.3486099243164,16.0,3.0,0.9362225532531738,2.761368989944458,1.1115522384643555,0.0,0.0
218,-0.001731131342239678,77.58678436279297,14.0,4.0,0.931624710559845,4.628151893615723,1.3794810771942139,0.0,0.0
220,-0.0009798541432246566,77.82551574707031,15.0,4.0,0.946186363697052,4.6117987632751465,1.1659526824951172,0.0,0.0
222,0.001012741238810122,66.9956283569336,16.0,1.0,0.8456723093986511,3.139702558517456,1.2216473817825317,0.0,0.0
224,0.009618066251277924,73.80561065673828,9.0,4.0,1.0968116521835327,5.150236129760742,1.27878999710083,0.0,0.0
226,0.010101118125021458,74.80387878417969,12.0,4.0,0.9410775899887085,7.383335590362549,1.1494208574295044,0.0,0.0
228,0.04990031197667122,72.94554901123047,14.0,2.0,0.8441717624664307,9.567950248718262,1.2074778079986572,0.0,0.0
230,-0.044535208493471146,70.20247650146484,14.0,4.0,0.8024638295173645,-3.76678729057312,1.1705900430679321,0.0,0.0
232,-0.040624503046274185,71.18077087402344,15.0,4.0,0.7629953026771545,-3.5652832984924316,1.0820070505142212,0.0,0.0
234,-0.07770033180713654,17.344928741455078,14.0,4.0,1.1629071235656738,-13.647613525390625,-0.5056212544441223,0.0,1.0
236,-0.05882294103503227,17.710920333862305,15.0,4.0,1.089787483215332,-14.315359115600586,-0.20533429086208344,0.0,1.0
238,-0.07965493202209473,67.60857391357422,17.0,3.0,1.0984594821929932,0.2408895492553711,0.9639736413955688,0.0,0.0
240,-0.10629664361476898,67.53889465332031,15.0,1.0,1.574380874633789,-0.9097646474838257,0.9578847885131836,0.0,0.0
242,-0.07116211205720901,68.1714096069336,13.0,3.0,0.9205209016799927,3.430110454559326,1.153369426727295,0.0,0.0
244,0.012057799845933914,65.24324798583984,14.0,1.0,0.4575006663799286,13.096977233886719,1.143688678741455,0.0,0.0
246,0.014087851159274578,67.62275695800781,13.0,2.0,0.4192996025085449,15.45828914642334,0.9132441878318787,0.0,0.0
248,0.014087851159274578,75.71756744384766,14.0,2.0,0.43304985761642456,17.866256713867188,1.1289023160934448,0.0,0.0
250,0.012741423211991787,73.85285186767578,17.0,2.0,1.6459225416183472,4.8499908447265625,0.9927458167076111,0.0,0.0
252,0.025208935141563416,65.72920227050781,15.0,4.0,0.8532751202583313,11.127798080444336,1.2943739891052246,0.0,0.0
254,0.036107975989580154,69.51168823242188,16.0,0.0,0.8585931658744812,9.66258716583252,1.1579735279083252,0.0,0.0
256,0.036107975989580154,67.76188659667969,17.0,0.0,0.9452363848686218,8.482394218444824,1.027573585510254,0.0,0.0
258,0.03172594681382179,70.32731628417969,8.0,1.0,0.6498751044273376,13.065315246582031,0.9452865123748779,0.0,0.0
260,-0.0011703480267897248,65.66484069824219,15.0,0.0,0.9167909622192383,0.873524010181427,1.0145893096923828,0.0,0.0
262,-0.0011703480267897248,71.29438018798828,16.0,0.0,0.9806641936302185,1.8278911113739014,1.151478886604309,0.0,0.0
264,-0.0011703480267897248,71.29438018798828,17.0,0.0,1.0330671072006226,1.7217438220977783,1.0581610202789307,0.0,0.0
266,0.0031372802332043648,74.20689392089844,15.0,1.0,0.7033071517944336,5.472373008728027,1.1329126358032227,0.0,0.0
268,0.0031372802332043648,74.31049346923828,16.0,1.0,0.7817435264587402,4.9005656242370605,1.02694833278656,0.0,0.0
270,-0.004483074881136417,19.059093475341797,16.0,1.0,0.6153405904769897,-16.38298797607422,0.005477422848343849,0.0,1.0
272,-0.022225528955459595,66.49052429199219,10.0,3.0,0.6508781909942627,-0.6332986354827881,0.9467485547065735,0.0,0.0
274,-0.019418304786086082,68.83882904052734,12.0,3.0,0.535247266292572,1.3083544969558716,0.9782809019088745,0.0,0.0
276,-0.0012919295113533735,67.73623657226562,12.0,3.0,0.9006062150001526,3.4238219261169434,0.9552869200706482,0.0,0.0
278,-0.0016318593407049775,69.76493835449219,14.0,4.0,1.122506022453308,3.7853870391845703,1.1551462411880493,0.0,0.0
280,-0.002450754167512059,68.98340606689453,16.0,3.0,1.141042709350586,4.127753734588623,1.0411103963851929,0.0,0.0
282,0.002652198076248169,66.88074493408203,14.0,2.0,0.8506534695625305,4.934943675994873,1.2153847217559814,0.0,0.0
284,0.004348080605268478,77.14354705810547,15.0,2.0,0.863237738609314,8.195261001586914,1.3840919733047485,0.0,0.0
286,0.015400572679936886,75.95586395263672,14.0,3.0,0.9467347860336304,14.751250267028809,0.9443525075912476,0.0,0.0
288,0.053186506032943726,74.64486694335938,14.0,1.0,0.5087679028511047,19.48766326904297,1.183396816253662,0.0,0.0
290,0.05689619854092598,75.08126831054688,17.0,1.0,0.8012634515762329,13.211698532104492,1.055049180984497,0.0,0.0
292,0.05000172555446625,66.8843994140625,17.0,3.0,0.9745728969573975,9.494779586791992,0.956483781337738,0.0,0.0
294,0.02329491637647152,17.015409469604492,14.0,0.0,0.9902984499931335,-7.977788925170898,-0.10250761359930038,0.0,1.0
296,-0.047433577477931976,77.18426513671875,16.0,3.0,1.1368718147277832,-1.3715322017669678,1.0861742496490479,0.0,0.0
298,-0.047433577477931976,80.00662231445312,17.0,3.0,1.1547560691833496,-0.5965792536735535,1.0889447927474976,0.0,0.0
300,-0.0030435780063271523,65.2859115600586,15.0,1.0,0.7404605150222778,5.512915134429932,0.9901773929595947,0.0,0.0
302,-0.001845356309786439,19.03252601623535,13.0,3.0,0.8102524876594543,-9.114063262939453,-0.35859182476997375,0.0,1.0
304,0.03206093981862068,72.19527435302734,16.0,2.0,1.196774959564209,9.914830207824707,0.9216569662094116,0.0,0.0
306,0.03865904361009598,75.7531967163086,14.0,3.0,0.6479539275169373,18.60840606689453,1.0026359558105469,0.0,0.0
308,0.03892405331134796,78.2552490234375,15.0,3.0,0.6299940943717957,20.249486923217773,1.0167129039764404,0.0,0.0
310,0.05975142866373062,67.33324432373047,17.0,2.0,1.064172387123108,6.340372562408447,1.1508817672729492,0.0,0.0
312,0.05811907351016998,69.44738006591797,8.0,3.0,0.6123195886611938,11.236052513122559,0.9533087015151978,0.0,0.0
314,0.05777064710855484,65.34488677978516,15.0,0.0,0.7640411257743835,6.209316730499268,1.1726021766662598,0.0,0.0
316,0.017901064828038216,73.91163635253906,16.0,0.0,0.940170168876648,0.4387129545211792,1.1600308418273926,0.0,0.0
318,0.02346402034163475,78.28285217285156,16.0,1.0,1.1197435855865479,3.2164199352264404,1.070203423500061,0.0,0.0
320,0.02690107747912407,74.68111419677734,14.0,3.0,0.806828498840332,4.585721969604492,1.2442576885223389,0.0,0.0
322,0.003016612958163023,67.55787658691406,14.0,1.0,0.6606645584106445,1.0372560024261475,1.1870214939117432,0.0,0.0
324,0.003273644717410207,73.07231903076172,15.0,1.0,0.7026435136795044,2.886317253112793,1.2466002702713013,0.0,0.0
326,0.008143782615661621,66.86351013183594,10.0,3.0,0.530997633934021,6.640563011169434,1.040453314781189,0.0,0.0
328,0.01618272066116333,73.99176788330078,14.0,4.0,0.7901336550712585,7.5764617919921875,0.9042800664901733,0.0,0.0
330,0.016684895381331444,79.33244323730469,15.0,4.0,0.7693486213684082,9.561179161071777,1.0156806707382202,0.0,0.0
332,0.016684895381331444,81.71147918701172,16.0,4.0,0.7480927109718323,10.832091331481934,1.0447196960449219,0.0,0.0
334,0.040152959525585175,79.90213775634766,15.0,0.0,0.7124330997467041,14.1201171875,1.1921861171722412,0.0,0.0
336,0.05200003832578659,82.12405395507812,10.0,1.0,0.6601770520210266,18.868959426879883,1.0033050775527954,0.0,0.0
338,-0.051500916481018066,70.07887268066406,15.0,2.0,0.9966514110565186,-0.1808619648218155,0.9595952033996582,0.0,0.0
340,0.007736432831734419,68.39373016357422,11.0,3.0,0.9821848273277283,5.151581764221191,1.0614813566207886,0.0,0.0
342,0.007736432831734419,70.50800323486328,12.0,3.0,0.9270378947257996,6.072693347930908,1.0514841079711914,0.0,0.0
344,-0.03871336206793785,66.19223022460938,15.0,2.0,0.567635178565979,-2.0798165798187256,1.1875540018081665,0.0,0.0
346,-0.041155967861413956,65.6657485961914,12.0,3.0,2.8315670490264893,-0.12763763964176178,1.0179044008255005,0.0,0.0
348,-0.03655904158949852,65.93254852294922,17.0,2.0,1.1714937686920166,1.3171907663345337,1.0881373882293701,0.0,0.0
350,-0.03151901066303253,70.54904174804688,13.0,3.0,0.610576868057251,6.444245338439941,1.308573842048645,0.0,0.0
352,-0.019343463703989983,78.8186264038086,14.0,4.0,0.8332146406173706,10.09233283996582,1.2450873851776123,0.0,0.0
354,-0.015557905659079552,80.9909896850586,15.0,4.0,0.8031909465789795,11.464889526367188,1.171872615814209,0.0,0.0
356,-0.015557905659079552,83.6280517578125,16.0,4.0,0.7971718907356262,13.04592514038086,1.1363407373428345,0.0,0.0
358,-0.015557905659079552,76.68832397460938,17.0,4.0,0.8274990916252136,11.420438766479492,0.9738836288452148,0.0,0.0
360,0.017637167125940323,82.09916687011719,13.0,1.0,1.0473880767822266,11.932394981384277,1.00893235206604,0.0,0.0
362,-0.01355757936835289,65.11296081542969,16.0,3.0,0.6905974745750427,-1.7651468515396118,1.2585701942443848,0.0,0.0
364,-0.008650337345898151,82.34504699707031,16.0,1.0,0.9763478636741638,4.317047119140625,1.473082184791565,0.0,0.0
366,0.0076654101721942425,81.53684997558594,14.0,3.0,0.6873607635498047,11.393730163574219,1.0813645124435425,0.0,0.0
368,-0.011586884967982769,75.4692153930664,8.0,3.0,0.7102481126785278,3.858126163482666,0.9918485283851624,0.0,0.0
370,-0.007137664593756199,67.74889373779297,15.0,4.0,0.7818551063537598,-0.5666056275367737,1.0438826084136963,0.0,0.0
372,-0.03649364411830902,82.52816772460938,17.0,1.0,1.0947035551071167,7.8895745277404785,1.0028343200683594,0.0,0.0
374,-0.08030242472887039,68.6502456665039,9.0,4.0,0.8511466383934021,-4.229446887969971,1.129853367805481,0.0,0.0
376,-0.07231353968381882,69.19975280761719,15.0,4.0,0.9753708839416504,-2.725465774536133,0.9516769051551819,0.0,0.0
378,-0.07692599296569824,68.88302612304688,15.0,2.0,1.4978134632110596,-2.0369207859039307,1.0505470037460327,0.0,0.0
380,-0.03108137473464012,66.82279968261719,15.0,2.0,0.7458606362342834,0.0019628480076789856,1.0701637268066406,0.0,0.0
382,-0.03108137473464012,70.76026916503906,16.0,2.0,0.7631047964096069,0.9289775490760803,1.1109085083007812,0.0,0.0
384,-0.02851482480764389,72.81842803955078,6.0,3.0,1.5539230108261108,2.4189486503601074,0.8780046701431274,0.0,0.0
386,-0.02602478489279747,77.07865905761719,7.0,3.0,1.539406180381775,3.241770029067993,0.9631027579307556,0.0,0.0
388,-0.02173803560435772,71.68273162841797,16.0,3.0,1.9838855266571045,3.3662807941436768,1.0869511365890503,0.0,0.0
390,0.012136504985392094,76.43660736083984,10.0,1.0,0.5239856243133545,9.343563079833984,1.017120122909546,0.0,0.0
392,0.01228972990065813,82.42227935791016,12.0,1.0,0.6085745096206665,10.287882804870605,1.0579878091812134,0.0,0.0
394,0.018520353361964226,67.59723663330078,12.0,1.0,0.7302675247192383,5.236632347106934,1.0632551908493042,0.0,0.0
396,0.018177999183535576,75.12354278564453,15.0,1.0,0.8199742436408997,7.610024929046631,1.2039142847061157,0.0,0.0
398,0.018177999183535576,70.50598907470703,17.0,1.0,0.8938517570495605,6.880868434906006,0.9632521271705627,0.0,0.0
400,-0.017777258530259132,71.86714172363281,16.0,3.0,0.8096295595169067,2.060473680496216,1.0071423053741455,0.0,0.0
402,-0.023442091420292854,68.97982025146484,16.0,3.0,0.8024615049362183,-0.5693090558052063,1.095594048500061,0.0,0.0
404,-0.02104135788977146,65.65470123291016,16.0,1.0,0.8850366473197937,2.526242971420288,1.093027114868164,0.0,0.0
406,-0.018364019691944122,69.7666015625,14.0,3.0,0.8057366013526917,1.6342302560806274,1.1701263189315796,0.0,0.0
408,-0.011524664238095284,73.62763214111328,16.0,4.0,1.2587796449661255,5.291178226470947,1.1085129976272583,0.0,0.0
410,-0.011524664238095284,75.54106140136719,17.0,4.0,1.2984715700149536,5.647458553314209,1.069362759590149,0.0,0.0
412,0.024632185697555542,74.87268829345703,16.0,1.0,0.5857540369033813,19.37287712097168,1.1505433320999146,0.0,0.0
414,0.06699314713478088,74.52854919433594,17.0,3.0,1.320898413658142,6.279092311859131,1.0574350357055664,0.0,0.0
416,0.0586836077272892,76.9649429321289,16.0,2.0,0.9849055409431458,16.55219268798828,1.1012768745422363,0.0,0.0
418,0.08199399709701538,65.88107299804688,12.0,0.0,0.630416214466095,17.887048721313477,1.066039800643921,0.0,0.0
420,0.08199399709701538,67.63190460205078,13.0,0.0,0.6834272146224976,16.97612190246582,1.0655195713043213,0.0,0.0
422,0.07923220843076706,72.3067626953125,15.0,0.0,0.7871069312095642,16.114593505859375,1.0736138820648193,0.0,0.0
424,0.062070105224847794,71.563232421875,15.0,2.0,1.0597127676010132,5.245343208312988,1.0831880569458008,0.0,0.0
426,0.062070105224847794,69.03311920166016,17.0,2.0,1.098037600517273,5.185494899749756,0.9290788173675537,0.0,0.0
428,0.07056592404842377,69.28308868408203,17.0,4.0,0.6907078623771667,9.442065238952637,0.9500621557235718,0.0,0.0
430,0.04630907624959946,75.9730224609375,17.0,2.0,1.43631911277771,3.2452218532562256,1.0073565244674683,0.0,0.0
432,0.02313288114964962,83.13520050048828,15.0,1.0,0.7425369620323181,14.087004661560059,0.9995677471160889,0.0,0.0
434,0.066128209233284,79.90743255615234,11.0,1.0,0.8320205807685852,11.001544952392578,0.9405900835990906,0.0,0.0
436,0.07139240205287933,66.5461196899414,16.0,4.0,0.7183073163032532,15.171212196350098,0.9001659154891968,0.0,0.0
438,0.06741002947092056,69.23490905761719,16.0,4.0,0.8000364899635315,10.270718574523926,1.0670939683914185,0.0,0.0
440,0.06741002947092056,71.16281127929688,17.0,4.0,0.8239322304725647,10.449187278747559,1.0533123016357422,0.0,0.0
442,0.10372824966907501,77.38465118408203,17.0,0.0,0.8990034461021423,12.105097770690918,1.3000789880752563,0.0,0.0
444,0.09417121112346649,65.51982879638672,17.0,2.0,1.1436614990234375,8.153388023376465,0.9652029275894165,0.0,0.0
446,0.08681768923997879,17.32539939880371,16.0,4.0,0.761760950088501,-0.9059266448020935,-0.3148459792137146,0.0,1.0
448,0.05403371527791023,75.25434112548828,14.0,4.0,0.9839314818382263,3.589019298553467,1.2763772010803223,0.0,0.0
450,0.0542265959084034,85.81978607177734,10.0,1.0,0.5853865742683411,27.898250579833984,1.1063618659973145,0.0,0.0
452,0.04702295735478401,81.78046417236328,14.0,3.0,0.8114438652992249,10.845921516418457,1.2575303316116333,0.0,0.0
454,0.02621597796678543,82.48639678955078,17.0,4.0,1.3182258605957031,9.735230445861816,1.0739836692810059,0.0,0.0
456,0.004342991858720779,71.7991943359375,16.0,2.0,1.2018978595733643,5.198010444641113,1.298586368560791,0.0,0.0
458,0.058884333819150925,67.46988677978516,16.0,3.0,0.8037033677101135,12.617656707763672,0.9131190180778503,0.0,0.0
460,0.034441955387592316,72.33795928955078,12.0,2.0,0.8682253360748291,3.175149917602539,1.2214500904083252,0.0,0.0
462,0.02300095558166504,68.61713409423828,13.0,3.0,0.6955097913742065,3.7043678760528564,1.089548945426941,0.0,0.0
464,0.02300095558166504,74.05781555175781,14.0,3.0,0.698437511920929,6.406341075897217,1.2338316440582275,0.0,0.0
466,0.01931576430797577,76.89752960205078,16.0,3.0,0.8554103374481201,6.504094123840332,1.0702247619628906,0.0,0.0
468,0.0217430479824543,78.26995086669922,9.0,4.0,0.7287006378173828,12.05296802520752,0.9584217667579651,0.0,0.0
470,0.0217430479824543,80.21424865722656,10.0,4.0,0.7123042345046997,13.476465225219727,0.9967743754386902,0.0,0.0
472,0.020564526319503784,72.01232147216797,14.0,4.0,0.8344641923904419,10.437166213989258,0.8526523113250732,0.0,0.0
474,0.03876768797636032,78.27666473388672,10.0,0.0,0.5565572381019592,24.510889053344727,0.9611085653305054,0.0,0.0
476,0.03682753071188927,80.09810638427734,11.0,0.0,0.552149772644043,25.765235900878906,0.978183925151825,0.0,0.0
478,0.05425581336021423,67.79553985595703,9.0,4.0,0.8976966738700867,6.749119758605957,1.020449161529541,0.0,0.0
480,0.07222076505422592,66.34424591064453,16.0,1.0,1.352069616317749,3.8825862407684326,1.1083110570907593,0.0,0.0
482,0.07332783192396164,68.42603302001953,10.0,2.0,1.3393861055374146,5.288572311401367,0.8463139533996582,0.0,0.0
484,0.07065817713737488,75.5762939453125,14.0,2.0,1.0561920404434204,8.00029182434082,1.0199944972991943,0.0,0.0
486,0.06584370881319046,80.31660461425781,15.0,2.0,1.0238454341888428,9.576205253601074,1.1135624647140503,0.0,0.0
488,0.06897515803575516,70.58992004394531,14.0,3.0,0.9735196232795715,13.632672309875488,1.2493903636932373,0.0,0.0
490,0.07524985074996948,66.50457000732422,12.0,1.0,0.6956976056098938,6.754023551940918,1.1843597888946533,0.0,0.0
492,0.058790843933820724,66.03763580322266,17.0,3.0,1.2011641263961792,4.516613483428955,1.0802299976348877,0.0,0.0
494,0.01732495427131653,72.80223846435547,11.0,1.0,0.7879390716552734,1.6869460344314575,1.0486805438995361,0.0,0.0
496,0.018852636218070984,74.01692199707031,15.0,1.0,0.8482159376144409,2.5343430042266846,1.0043902397155762,0.0,0.0
498,0.03727443143725395,73.43500518798828,6.0,4.0,0.9535495042800903,9.532115936279297,0.9528239369392395,0.0,0.0
500,0.00909325573593378,67.61793518066406,10.0,0.0,0.7496864199638367,-0.042763374745845795,1.0754103660583496,0.0,0.0
502,0.006819498259574175,74.14151763916016,12.0,1.0,0.7478253841400146,6.810915946960449,1.2075328826904297,0.0,0.0
504,0.006819498259574175,76.39777374267578,13.0,1.0,0.7787728905677795,7.2622246742248535,1.179639458656311,0.0,0.0
506,0.010781078599393368,70.47654724121094,14.0,1.0,1.0461266040802002,2.415754795074463,1.1350904703140259,0.0,0.0
508,0.0036475076340138912,68.04248046875,16.0,0.0,1.017034649848938,-0.040525589138269424,1.0429784059524536,0.0,0.0
510,0.011957351118326187,70.24117279052734,11.0,0.0,0.634748101234436,7.624496936798096,1.0684250593185425,0.0,0.0
512,0.013895749114453793,74.85054016113281,15.0,0.0,0.7435554265975952,8.747932434082031,1.1354800462722778,0.0,0.0
514,-0.014539076015353203,67.36245727539062,17.0,0.0,1.19874107837677,1.391169548034668,0.9869049191474915,0.0,0.0
516,-0.011911126784980297,65.3713150024414,14.0,1.0,0.9354878067970276,3.786247491836548,1.0229636430740356,0.0,0.0
518,-0.009839273989200592,70.17697143554688,15.0,1.0,0.9555296897888184,4.914591312408447,1.1452680826187134,0.0,0.0
520,0.009856603108346462,17.303375244140625,15.0,4.0,0.8847529888153076,-7.045307636260986,-0.13071699440479279,0.0,1.0
522,-0.08259537070989609,69.88739013671875,14.0,3.0,0.6668954491615295,-4.237769603729248,1.279363989830017,0.0,0.0
524,-0.07795849442481995,65.4557113647461,14.0,4.0,0.7589782476425171,-0.7827762961387634,0.991531252861023,0.0,0.0
526,-0.07343977689743042,68.21305847167969,15.0,4.0,0.7760263085365295,0.08665620535612106,1.0328260660171509,0.0,0.0
528,-0.07820619642734528,17.108102798461914,10.0,1.0,0.673930287361145,-17.456684112548828,-0.2006564438343048,0.0,1.0
530,-0.06810169667005539,17.04163932800293,11.0,1.0,0.8774275779724121,-13.264934539794922,-0.0913899689912796,0.0,1.0
532,-0.0730888694524765,66.78650665283203,10.0,2.0,0.8867692351341248,-6.000179767608643,1.0860852003097534,0.0,0.0
534,-0.06987620145082474,72.80844116210938,13.0,2.0,0.8797076940536499,-4.16129732131958,0.9959755539894104,0.0,0.0
536,-0.06782524287700653,71.68846893310547,17.0,2.0,1.0185513496398926,-1.9249948263168335,0.9711164832115173,0.0,0.0
538,-0.06458543241024017,77.57015228271484,9.0,3.0,0.43274781107902527,2.160214424133301,1.017488956451416,0.0,0.0
540,-0.057975951582193375,69.28396606445312,11.0,0.0,0.5996792912483215,3.2185304164886475,1.1262365579605103,0.0,0.0
542,-0.05564950034022331,70.7355728149414,9.0,2.0,0.6790157556533813,5.296433448791504,0.9715285897254944,0.0,0.0
544,-0.04677071049809456,70.49090576171875,15.0,2.0,1.124466061592102,4.34444522857666,0.9480257034301758,0.0,0.0
546,-0.016073087230324745,19.1044979095459,15.0,3.0,1.0285714864730835,-6.817461013793945,-0.2299964874982834,0.0,1.0
548,-0.03678949922323227,71.47582244873047,6.0,4.0,0.9147576093673706,1.7990505695343018,1.1053208112716675,0.0,0.0
550,-0.025599708780646324,70.02168273925781,14.0,3.0,1.5103479623794556,2.915917158126831,0.9765695333480835,0.0,0.0
552,-0.01683378405869007,69.3963623046875,14.0,4.0,1.1508746147155762,5.521104335784912,1.190294861793518,0.0,0.0
554,-0.013142053037881851,72.68460083007812,15.0,4.0,1.0993834733963013,6.635270118713379,1.1684167385101318,0.0,0.0
556,-0.014839602634310722,70.55448150634766,14.0,4.0,0.8305806517601013,3.7629122734069824,1.1348745822906494,0.0,0.0
558,-0.026375439018011093,16.435779571533203,7.0,4.0,0.98350989818573,-12.790290832519531,-0.06505237519741058,0.0,1.0
560,-0.026375439018011093,19.63650894165039,8.0,4.0,0.832995593547821,-14.345915794372559,0.03362640365958214,0.0,1.0
562,-0.026375439018011093,19.216856002807617,9.0,4.0,0.7755246162414551,-15.444396018981934,0.0769178569316864,0.0,1.0
564,-0.07499612122774124,66.81861877441406,6.0,3.0,0.656305193901062,-7.209346294403076,0.9424745440483093,0.0,0.0
566,-0.06197105720639229,66.61248779296875,15.0,4.0,1.2256687879562378,-1.764944076538086,1.0273032188415527,0.0,0.0
568,-0.019051427021622658,65.19815063476562,15.0,2.0,1.0995807647705078,7.214766979217529,0.7763624787330627,0.0,0.0
570,-0.0013976010959595442,74.89319610595703,16.0,4.0,0.6100295782089233,11.669649124145508,1.147521734237671,0.0,0.0
572,0.005009778775274754,70.4542007446289,16.0,0.0,1.1543735265731812,7.003906726837158,1.117955207824707,0.0,0.0
574,0.014646734111011028,76.04692840576172,15.0,1.0,0.8382014632225037,12.644407272338867,1.1279267072677612,0.0,0.0
576,-0.005029668100178242,65.0850830078125,17.0,2.0,1.160266637802124,1.590035319328308,1.0843852758407593,0.0,0.0
578,0.0008489718311466277,75.09712219238281,14.0,3.0,0.7971656322479248,6.637415885925293,1.3074616193771362,0.0,0.0
580,0.0027404094580560923,77.63127899169922,15.0,3.0,0.9112651348114014,6.724518775939941,1.2430391311645508,0.0,0.0
582,0.019662952050566673,79.85066986083984,13.0,3.0,0.6962049007415771,11.201871871948242,1.3180532455444336,0.0,0.0
584,0.019662952050566673,81.73106384277344,14.0,3.0,0.7186407446861267,11.894648551940918,1.1849238872528076,0.0,0.0
586,0.039739351719617844,67.6191635131836,15.0,0.0,1.1132183074951172,6.545045852661133,1.2568777799606323,0.0,0.0
588,-0.030930260196328163,65.07665252685547,15.0,4.0,0.8067706227302551,-4.608173847198486,1.0607757568359375,0.0,0.0
590,-0.032677944749593735,66.45777130126953,14.0,3.0,0.6806142926216125,3.1377623081207275,0.8525165915489197,0.0,0.0
592,-0.02194730006158352,69.9055404663086,17.0,4.0,0.965992271900177,-1.6046090126037598,1.2067302465438843,0.0,0.0
594,-0.05710991844534874,66.85961151123047,13.0,3.0,0.803713858127594,-1.2701590061187744,0.9000371098518372,0.0,0.0
596,-0.04567596688866615,69.08789825439453,15.0,2.0,0.8251486420631409,-0.7749276757240295,1.1068999767303467,0.0,0.0
598,-0.03163802623748779,69.12598419189453,14.0,4.0,0.8328135013580322,3.5001308917999268,1.2284245491027832,0.0,0.0
600,-0.02644246071577072,72.28849029541016,15.0,4.0,0.8072278499603271,4.705657958984375,1.2152372598648071,0.0,0.0
602,-0.02280251495540142,74.51271057128906,16.0,0.0,0.8671872019767761,6.355029106140137,1.213657021522522,0.0,0.0
604,-0.013023393228650093,70.7685775756836,15.0,3.0,0.699940025806427,4.220242977142334,1.3510634899139404,0.0,0.0
606,-0.006052767857909203,65.62060546875,16.0,2.0,0.9208233952522278,0.338513046503067,1.0476229190826416,0.0,0.0
608,-0.0032454452011734247,77.3304443359375,10.0,3.0,0.6486403942108154,13.3907470703125,1.15524423122406,0.0,0.0
610,0.0017437371425330639,66.06451416015625,15.0,3.0,1.0673415660858154,2.8796207904815674,1.08542799949646,0.0,0.0
612,0.013720882125198841,75.94271087646484,14.0,2.0,1.360357642173767,5.0157790184021,1.4092864990234375,0.0,0.0
614,0.013042893260717392,68.29279327392578,15.0,2.0,1.3002779483795166,4.4762043952941895,1.078174352645874,0.0,0.0
616,0.013042893260717392,71.29690551757812,16.0,2.0,1.1752183437347412,5.68548583984375,1.082885503768921,0.0,0.0
618,-0.014307230710983276,76.27630615234375,17.0,4.0,0.7797824740409851,2.8621268272399902,0.9895567893981934,0.0,0.0
620,0.01500616129487753,69.36808776855469,15.0,4.0,0.7997471690177917,9.684358596801758,0.9465928673744202,0.0,0.0
622,0.01500616129487753,72.92195129394531,16.0,4.0,0.8855884075164795,9.893233299255371,1.0097335577011108,0.0,0.0
624,0.007539842743426561,70.47506713867188,16.0,4.0,0.7225293517112732,10.282538414001465,1.0504659414291382,0.0,0.0
626,0.007539842743426561,75.99422454833984,17.0,4.0,0.8244571685791016,11.111600875854492,1.150621771812439,0.0,0.0
628,-0.030108360573649406,78.7221450805664,15.0,4.0,0.9253541827201843,4.634578227996826,1.3235670328140259,0.0,0.0
630,0.005157389212399721,69.64736938476562,15.0,2.0,0.9886950850486755,6.270463466644287,1.2728378772735596,0.0,0.0
632,0.008213433437049389,75.33853149414062,13.0,3.0,0.898678183555603,9.886028289794922,0.9664556980133057,0.0,0.0
634,-0.029669733718037605,76.44178009033203,13.0,3.0,0.6180728673934937,13.699767112731934,0.9997093081474304,0.0,0.0
636,-0.023541372269392014,77.96831512451172,15.0,3.0,0.6937398910522461,12.673957824707031,0.942054808139801,0.0,0.0
638,0.007446600124239922,73.63571166992188,13.0,0.0,0.5964708924293518,20.02822494506836,0.9237663745880127,0.0,0.0
640,0.010340800508856773,80.17277526855469,16.0,0.0,0.6376235485076904,21.496227264404297,1.0199637413024902,0.0,0.0
642,0.02029833011329174,68.28167724609375,15.0,1.0,0.7217034101486206,14.99359130859375,0.9571673274040222,0.0,0.0
644,0.039613671600818634,68.36272430419922,14.0,3.0,0.8331383466720581,9.076778411865234,0.9547721743583679,0.0,0.0
646,0.05130867287516594,73.6978530883789,8.0,4.0,0.9698151350021362,10.652509689331055,1.002427577972412,0.0,0.0
648,0.05130867287516594,77.42144775390625,9.0,4.0,0.956138551235199,11.801838874816895,1.0736678838729858,0.0,0.0
650,0.05130867287516594,80.51579284667969,10.0,4.0,1.038940191268921,11.812684059143066,1.1094392538070679,0.0,0.0
652,0.044621724635362625,82.37693786621094,11.0,4.0,1.0079820156097412,12.845955848693848,1.082273244857788,0.0,0.0
654,0.044621724635362625,79.20772552490234,14.0,4.0,0.9749517440795898,13.724361419677734,0.9738460779190063,0.0,0.0
656,-0.0004207866149954498,19.49466896057129,16.0,2.0,0.9567525386810303,-9.277546882629395,-0.09986088424921036,0.0,1.0
658,-0.025852816179394722,82.40718841552734,15.0,3.0,1.267241358757019,2.637197256088257,1.0315929651260376,0.0,0.0
660,-0.04109807685017586,73.31185913085938,7.0,1.0,1.2053382396697998,-0.7370261549949646,1.2140525579452515,0.0,0.0
662,-0.04109807685017586,70.57401275634766,10.0,1.0,1.022255301475525,-0.847976803779602,0.9417675733566284,0.0,0.0
664,-0.04337826743721962,76.06051635742188,12.0,1.0,1.1080341339111328,0.37641969323158264,0.9849178194999695,0.0,0.0
666,-0.029847202822566032,68.5059585571289,13.0,3.0,0.8883334994316101,2.5861406326293945,1.3050272464752197,0.0,0.0
668,-0.010810735635459423,65.78311920166016,12.0,1.0,1.1769609451293945,3.4713335037231445,1.0046740770339966,0.0,0.0
670,-0.0030035264790058136,69.1182632446289,15.0,4.0,0.8467439413070679,9.564840316772461,0.9322681427001953,0.0,0.0
672,0.007706382777541876,19.892297744750977,11.0,1.0,0.7305631637573242,-4.844749927520752,-0.036513324826955795,0.0,1.0
674,-0.023647848516702652,74.74915313720703,13.0,1.0,0.9919359683990479,2.3724424839019775,1.1669321060180664,0.0,0.0
676,-0.020678389817476273,82.6796646118164,15.0,0.0,1.126009225845337,4.915571689605713,1.3261224031448364,0.0,0.0
678,-0.020678389817476273,83.58380889892578,16.0,0.0,1.2610806226730347,4.720910549163818,1.1640876531600952,0.0,0.0
680,-0.020678389817476273,84.72848510742188,17.0,0.0,1.2118346691131592,5.387353897094727,1.083355188369751,0.0,0.0
682,0.013108842074871063,71.74755859375,9.0,2.0,0.7082521319389343,13.084348678588867,1.2407902479171753,0.0,0.0
684,0.017367616295814514,69.99842834472656,14.0,3.0,0.873751699924469,9.927584648132324,1.0517481565475464,0.0,0.0
686,0.018291126936674118,75.87659454345703,16.0,3.0,0.9404211640357971,11.043440818786621,1.1293352842330933,0.0,0.0
688,0.057393237948417664,68.89039611816406,13.0,1.0,1.0345580577850342,9.326827049255371,1.0210487842559814,0.0,0.0
690,0.05910737067461014,71.55760192871094,15.0,2.0,1.0242412090301514,11.28746509552002,1.0522956848144531,0.0,0.0
692,0.06091080233454704,69.99333190917969,11.0,3.0,0.9066284894943237,12.469449996948242,1.055196762084961,0.0,0.0
694,0.08457034081220627,70.63534545898438,13.0,1.0,0.8057399392127991,10.377365112304688,1.2363331317901611,0.0,0.0
696,0.08215488493442535,67.13851928710938,12.0,2.0,0.5769987106323242,14.719374656677246,0.9699770212173462,0.0,0.0
698,0.03483400493860245,69.2716293334961,14.0,0.0,1.0492124557495117,0.3435141146183014,1.0412273406982422,0.0,0.0
700,0.030874764546751976,74.18702697753906,12.0,1.0,0.9176040291786194,5.570814609527588,1.138213872909546,0.0,0.0
702,0.030874764546751976,74.65769958496094,14.0,1.0,1.03233003616333,5.050957202911377,0.9930614829063416,0.0,0.0
704,0.035384055227041245,71.27315521240234,13.0,2.0,0.8299688696861267,6.165259838104248,1.3224931955337524,0.0,0.0
706,0.03291988745331764,72.58415985107422,16.0,2.0,1.1427936553955078,4.74075174331665,1.0208574533462524,0.0,0.0
708,0.037957511842250824,68.83657836914062,16.0,0.0,1.1251360177993774,5.06149435043335,0.9628499150276184,0.0,0.0
710,0.03795292228460312,69.53589630126953,13.0,1.0,0.8262459635734558,7.993338584899902,1.0356930494308472,0.0,0.0
712,0.03795292228460312,71.98658752441406,14.0,1.0,0.8889098763465881,8.0736722946167,1.058498740196228,0.0,0.0
714,0.05381081625819206,70.20594787597656,14.0,1.0,0.9724690318107605,7.412405014038086,1.2722548246383667,0.0,0.0
716,0.05118752643465996,77.0287094116211,16.0,1.0,1.0608270168304443,8.43741226196289,1.2054623365402222,0.0,0.0
718,0.05118752643465996,80.07160949707031,17.0,1.0,1.0761250257492065,9.30370807647705,1.16693913936615,0.0,0.0
720,0.04961104691028595,78.94180297851562,12.0,2.0,0.6762441396713257,17.522676467895508,1.0150949954986572,0.0,0.0
722,0.0593392513692379,65.58126068115234,15.0,3.0,0.7256752252578735,14.855026245117188,1.1561871767044067,0.0,0.0
724,0.09078836441040039,65.235595703125,14.0,2.0,0.6707022786140442,14.831425666809082,1.08414888381958,0.0,0.0
726,0.09547364711761475,70.15507507324219,17.0,3.0,1.0327144861221313,10.317925453186035,1.0827692747116089,0.0,0.0
728,0.080766461789608,72.11835479736328,13.0,2.0,0.724996030330658,11.790757179260254,1.0210875272750854,0.0,0.0
730,0.05844493955373764,66.49213409423828,14.0,2.0,1.0489705801010132,2.066415309906006,1.008854627609253,0.0,0.0
732,0.09745575487613678,77.39695739746094,12.0,1.0,0.9788635969161987,8.419320106506348,1.1434681415557861,0.0,0.0
734,0.09745575487613678,81.64474487304688,13.0,1.0,0.9977294206619263,9.6082763671875,1.1732304096221924,0.0,0.0
736,0.03377879783511162,73.69961547851562,8.0,4.0,0.6357046961784363,7.912876129150391,1.0592845678329468,0.0,0.0
738,0.037715326994657516,69.24812316894531,14.0,0.0,0.7805112600326538,8.111674308776855,1.1596873998641968,0.0,0.0
740,0.01634591817855835,80.46327209472656,12.0,3.0,0.9338812232017517,4.30756950378418,1.281478762626648,0.0,0.0
742,0.01634591817855835,82.18256378173828,13.0,3.0,0.9734833836555481,4.850739002227783,1.1661723852157593,0.0,0.0
744,-0.03548484295606613,76.73401641845703,14.0,1.0,1.1300581693649292,0.887755274772644,1.068602442741394,0.0,0.0
746,-0.03394488990306854,72.1958236694336,16.0,1.0,1.2596334218978882,1.1562271118164062,1.0058945417404175,0.0,0.0
748,0.007716340944170952,68.65902709960938,14.0,2.0,1.0480579137802124,8.374236106872559,0.9543551206588745,0.0,0.0
750,0.003967022057622671,17.308095932006836,14.0,3.0,1.0942325592041016,-7.912912845611572,-0.053273219615221024,0.0,1.0
752,0.0007045209058560431,12.968703269958496,15.0,3.0,1.1546319723129272,-9.325018882751465,-0.1316380351781845,0.0,1.0
754,-0.012795104645192623,74.90534210205078,9.0,3.0,0.5315641760826111,7.753189563751221,1.2281699180603027,0.0,0.0
756,-0.012795104645192623,77.63629150390625,10.0,3.0,0.5266527533531189,9.489554405212402,1.1886359453201294,0.0,0.0
758,-0.010265708900988102,81.97682189941406,12.0,3.0,0.5761690735816956,11.67263126373291,1.1271473169326782,0.0,0.0
760,-0.0018594894791021943,65.31781005859375,8.0,4.0,0.5488311052322388,9.473543167114258,0.8524811267852783,0.0,0.0
762,-0.0018594894791021943,70.98429870605469,10.0,4.0,0.4292908310890198,14.37590503692627,1.0510478019714355,0.0,0.0
764,0.0001269717322429642,72.07771301269531,12.0,4.0,0.4759673774242401,13.541533470153809,0.9804136753082275,0.0,0.0
766,0.04563375934958458,76.6672592163086,15.0,1.0,1.136470913887024,9.513738632202148,1.1635830402374268,0.0,0.0
768,0.04563375934958458,77.874755859375,16.0,1.0,1.2433770895004272,9.026897430419922,1.0765827894210815,0.0,0.0
770,0.04596885293722153,65.54354095458984,15.0,2.0,0.9569118618965149,12.264439582824707,0.7590678930282593,0.0,0.0
772,0.04596885293722153,70.14234924316406,16.0,2.0,0.9775340557098389,13.066340446472168,0.9642202854156494,0.0,0.0
774,0.05692882463335991,74.87700653076172,14.0,3.0,0.5636194348335266,25.45638084411621,1.0019938945770264,0.0,0.0
776,0.07819200307130814,70.91493225097656,14.0,3.0,0.8359318971633911,7.472132682800293,1.223886251449585,0.0,0.0
778,0.05570894852280617,65.75992584228516,14.0,2.0,1.0043867826461792,6.023681640625,0.867332398891449,0.0,0.0
780,0.050605058670043945,69.90815734863281,7.0,2.0,0.9972452521324158,6.116430759429932,1.1312299966812134,0.0,0.0
782,-0.006347485352307558,66.01882934570312,14.0,0.0,0.8160281777381897,4.735471725463867,0.9394823908805847,0.0,0.0
784,-0.004942512605339289,70.74878692626953,17.0,0.0,1.1947261095046997,4.442773818969727,1.0584255456924438,0.0,0.0
786,-0.0064853886142373085,66.19841003417969,16.0,1.0,0.8315318822860718,-1.9471772909164429,1.0531249046325684,0.0,0.0
788,-0.0770934447646141,68.89328002929688,15.0,3.0,0.8305771946907043,-2.5966784954071045,1.1067075729370117,0.0,0.0
790,0.016302403062582016,75.88166046142578,12.0,4.0,0.92967689037323,8.42020320892334,1.3780142068862915,0.0,0.0
792,-0.07795589417219162,66.5073013305664,16.0,1.0,0.5673996806144714,-8.945487022399902,1.0618098974227905,0.0,0.0
794,-0.010249600745737553,19.179296493530273,15.0,4.0,1.2447443008422852,-5.261594295501709,-0.1831025332212448,0.0,1.0
796,-0.08306441456079483,18.287778854370117,12.0,4.0,0.6268488168716431,-19.922697067260742,-0.14410695433616638,0.0,1.0
798,-0.13118578493595123,85.04350280761719,10.0,4.0,0.9988248944282532,-1.053262710571289,1.2221205234527588,0.0,0.0
800,-0.04549572244286537,69.23014068603516,15.0,2.0,0.8626168370246887,3.5082337856292725,1.0567255020141602,0.0,0.0
802,-0.04549572244286537,71.80656433105469,17.0,2.0,1.0014249086380005,4.202671051025391,1.0715867280960083,0.0,0.0
804,-0.007001637015491724,67.70140075683594,15.0,4.0,0.8978278040885925,5.326827526092529,1.2583372592926025,0.0,0.0
806,0.027856234461069107,19.595773696899414,15.0,1.0,0.7136325240135193,-5.062333583831787,-0.1941760778427124,0.0,1.0
808,0.027856234461069107,17.749597549438477,16.0,1.0,1.0064560174942017,-4.2858567237854,-0.12219861894845963,0.0,1.0
810,-0.05417473614215851,69.66879272460938,16.0,0.0,0.8958240747451782,-4.2197346687316895,1.033618688583374,0.0,0.0
812,-0.020563935860991478,74.28182220458984,13.0,3.0,0.7086070775985718,11.109015464782715,1.378664255142212,0.0,0.0
814,-0.04931164160370827,17.740209579467773,13.0,4.0,1.5445014238357544,-8.208484649658203,-0.13654202222824097,0.0,1.0
816,-0.06704540550708771,65.04127502441406,8.0,2.0,0.7657778859138489,-5.128281593322754,1.0506600141525269,0.0,0.0
818,-0.06704540550708771,69.44673919677734,9.0,2.0,0.5684230923652649,-5.3865180015563965,1.1375513076782227,0.0,0.0
820,-0.06704540550708771,67.9620132446289,10.0,2.0,0.5377114415168762,-5.8827805519104,1.004247784614563,0.0,0.0
822,-0.06519335508346558,71.87055969238281,12.0,2.0,0.5117647647857666,-4.557231903076172,1.000762939453125,0.0,0.0
824,-0.06519335508346558,76.60709381103516,13.0,2.0,0.5189168453216553,-2.2301793098449707,1.0758986473083496,0.0,0.0
826,-0.06519335508346558,78.90252685546875,14.0,2.0,0.5184276700019836,-0.8824535608291626,1.056462049484253,0.0,0.0
828,-0.059553734958171844,83.1948013305664,16.0,2.0,0.5896707773208618,1.8774515390396118,1.049206256866455,0.0,0.0
830,-0.05769242346286774,67.77713012695312,12.0,3.0,0.6362594366073608,3.1659936904907227,0.9581142663955688,0.0,0.0
832,-0.03749411925673485,67.1677017211914,14.0,3.0,1.1675087213516235,2.9951703548431396,0.9535742402076721,0.0,0.0
834,-0.03434468060731888,72.34036254882812,15.0,3.0,1.1626677513122559,4.053289890289307,1.091817855834961,0.0,0.0
836,-0.03434468060731888,75.56489562988281,16.0,3.0,1.1888524293899536,4.74849796295166,1.115351915359497,0.0,0.0
838,-0.04315200820565224,66.1634521484375,9.0,1.0,0.6644163727760315,3.427945852279663,1.227634310722351,0.0,0.0
840,-0.04315200820565224,68.2640609741211,10.0,1.0,0.6919532418251038,4.184669017791748,1.1506316661834717,0.0,0.0
842,-0.031640857458114624,74.70158386230469,11.0,1.0,0.720069408416748,7.373305797576904,1.2396160364151,0.0,0.0
844,-0.01842675358057022,68.4197769165039,13.0,2.0,0.7182315587997437,10.995829582214355,0.9991806745529175,0.0,0.0
846,-0.06059705466032028,71.22595977783203,6.0,3.0,1.3561005592346191,3.1371121406555176,1.215280294418335,0.0,0.0
848,-0.04670049250125885,75.3631362915039,7.0,3.0,1.2184784412384033,5.0397047996521,1.2484604120254517,0.0,0.0
850,-0.06719266623258591,65.771728515625,8.0,4.0,0.665672779083252,-9.223793983459473,1.0944814682006836,0.0,0.0
852,-0.0892220214009285,74.6034927368164,10.0,1.0,0.5072402358055115,2.763240337371826,1.1448317766189575,0.0,0.0
854,-0.07636404782533646,78.221435546875,11.0,1.0,0.5535801649093628,4.76079797744751,1.1460052728652954,0.0,0.0
856,-0.047792572528123856,69.80035400390625,13.0,3.0,0.9057543873786926,3.839289665222168,1.1099013090133667,0.0,0.0
858,-0.047792572528123856,75.67023468017578,14.0,3.0,0.9387331604957581,5.632721424102783,1.178407073020935,0.0,0.0
860,-0.033191729336977005,76.28582763671875,8.0,0.0,0.6259627938270569,11.085150718688965,1.1452927589416504,0.0,0.0
862,-0.033191729336977005,81.2386474609375,9.0,0.0,0.6478071212768555,13.388557434082031,1.190334439277649,0.0,0.0
864,-0.016408033668994904,74.56053924560547,7.0,1.0,0.7842155694961548,13.008535385131836,1.213744044303894,0.0,0.0
866,-0.013531963340938091,68.03986358642578,13.0,1.0,0.7564314603805542,12.88263988494873,0.9884412884712219,0.0,0.0
868,0.010138549841940403,66.94206237792969,14.0,3.0,0.9021802544593811,2.4802041053771973,0.9867744445800781,0.0,0.0
870,0.009404121898114681,71.90586853027344,15.0,3.0,0.9748420715332031,3.294269561767578,1.0379302501678467,0.0,0.0
872,0.005796272773295641,65.34306335449219,12.0,2.0,0.7670682668685913,3.1855249404907227,0.992263913154602,0.0,0.0
874,0.005796272773295641,68.13260650634766,13.0,2.0,0.7979720830917358,3.8219149112701416,1.0241189002990723,0.0,0.0
876,-0.0016425164649263024,14.252788543701172,12.0,4.0,0.6944318413734436,-14.950714111328125,-0.21802234649658203,0.0,1.0
878,-0.04213687404990196,66.81768798828125,8.0,2.0,0.43985578417778015,-9.755044937133789,1.0923100709915161,0.0,0.0
880,-0.032991673797369,69.4598159790039,15.0,3.0,0.8201648592948914,-0.7082625031471252,1.1370569467544556,0.0,0.0
882,-0.032991673797369,73.05546569824219,16.0,3.0,0.8574795722961426,0.8960342407226562,1.1555691957473755,0.0,0.0
884,-0.032991673797369,75.55323791503906,17.0,3.0,0.9039313197135925,2.0219814777374268,1.1182754039764404,0.0,0.0
886,-0.03003852814435959,72.76432037353516,14.0,2.0,1.1400279998779297,2.942513942718506,1.1798193454742432,0.0,0.0
888,-0.0383659191429615,16.779327392578125,8.0,1.0,0.7248222231864929,-14.095174789428711,-0.38918179273605347,0.0,1.0
890,-0.0383659191429615,15.717957496643066,9.0,1.0,0.7180463075637817,-14.955562591552734,-0.19645413756370544,0.0,1.0
892,-0.08060254156589508,70.7547836303711,7.0,0.0,0.7655991315841675,0.4960438907146454,1.0666260719299316,0.0,0.0
894,-0.08060254156589508,69.2238540649414,9.0,0.0,0.7665797472000122,1.0581920146942139,1.047010898590088,0.0,0.0
896,-0.08060254156589508,69.36781311035156,10.0,0.0,0.8097284436225891,1.0355303287506104,0.9791885018348694,0.0,0.0
898,-0.07666423171758652,72.37863159179688,14.0,0.0,0.9267715811729431,2.680807590484619,1.0671119689941406,0.0,0.0
900,-0.06351791322231293,75.22577667236328,7.0,1.0,0.6300219297409058,7.083518981933594,1.3027864694595337,0.0,0.0
902,-0.06351791322231293,77.46623992919922,10.0,1.0,0.7080687880516052,7.482576847076416,1.0381213426589966,0.0,0.0
904,-0.03428855165839195,67.36274719238281,12.0,3.0,0.6663086414337158,6.752251148223877,1.1805691719055176,0.0,0.0
906,-0.029168751090765,68.06253814697266,6.0,4.0,0.8528451919555664,3.435518264770508,0.938776433467865,0.0,0.0
908,-0.022058799862861633,65.20564270019531,14.0,3.0,1.2380253076553345,0.8089653253555298,1.0664722919464111,0.0,0.0
910,-0.0217764750123024,68.3486099243164,15.0,3.0,1.3521103858947754,1.1328210830688477,1.0907891988754272,0.0,0.0
912,-0.0217764750123024,72.23876190185547,17.0,3.0,1.5678833723068237,1.457432746887207,1.0191762447357178,0.0,0.0
914,-0.02403237484395504,85.55955505371094,12.0,2.0,0.8520058393478394,9.933074951171875,1.39834463596344,0.0,0.0
916,-0.04591084271669388,18.544296264648438,15.0,0.0,0.9815024733543396,-14.488811492919922,-0.16846199333667755,0.0,1.0
918,-0.06269342452287674,66.45833587646484,6.0,3.0,0.8091991543769836,-3.9264156818389893,0.9122747182846069,0.0,0.0
920,-0.05947825312614441,67.26974487304688,12.0,4.0,0.6963337659835815,-0.8807483315467834,1.1565148830413818,0.0,0.0
922,-0.05947825312614441,72.87244415283203,13.0,4.0,0.7183164954185486,1.50144362449646,1.2113041877746582,0.0,0.0
924,-0.034586213529109955,65.66230773925781,15.0,2.0,1.0141222476959229,2.0353593826293945,0.9805622100830078,0.0,0.0
926,-0.044732142239809036,66.82833099365234,16.0,2.0,0.9432177543640137,0.2942582070827484,1.197613000869751,0.0,0.0
928,-0.044732142239809036,70.75298309326172,17.0,2.0,1.136474847793579,1.2714651823043823,1.179796576499939,0.0,0.0
930,-0.024788521230220795,77.09642791748047,7.0,4.0,1.1543362140655518,5.142159461975098,0.9350628852844238,0.0,0.0
932,-0.018731214106082916,72.8433837890625,6.0,0.0,0.5668914318084717,12.8013277053833,1.1278663873672485,0.0,0.0
934,-0.013471531681716442,76.97795867919922,7.0,0.0,0.547434389591217,15.791723251342773,1.172668218612671,0.0,0.0
936,-0.004490050487220287,71.63971710205078,10.0,1.0,0.7209509611129761,9.949782371520996,1.1432212591171265,0.0,0.0
938,-0.0625607892870903,68.29986572265625,15.0,2.0,0.9310096502304077,-4.00530481338501,1.2137056589126587,0.0,0.0
940,-0.049757733941078186,68.31249237060547,15.0,3.0,0.7311143279075623,0.3469081223011017,0.9481683373451233,0.0,0.0
942,-0.02611536718904972,66.13178253173828,7.0,1.0,0.733111560344696,4.442726135253906,0.9390875697135925,0.0,0.0
944,-0.023787956684827805,75.10697174072266,12.0,1.0,0.8051028251647949,5.98213005065918,1.0230417251586914,0.0,0.0
946,-0.023787956684827805,79.6248550415039,14.0,1.0,0.9921905398368835,5.934585094451904,1.0448068380355835,0.0,0.0
948,-0.02198900654911995,78.96061706542969,16.0,1.0,1.1740663051605225,5.327361583709717,0.9427754878997803,0.0,0.0
950,-0.038900747895240784,66.17607879638672,16.0,1.0,1.2002488374710083,-0.8421667218208313,1.127703309059143,0.0,0.0
952,-0.04327832907438278,66.63206481933594,11.0,3.0,0.7607396245002747,-1.0468015670776367,1.1697293519973755,0.0,0.0
954,-0.02737264707684517,68.2082748413086,14.0,0.0,0.8610841035842896,2.8956308364868164,1.2453970909118652,0.0,0.0
956,-0.023679770529270172,72.1734619140625,15.0,0.0,0.8800395727157593,3.9949259757995605,1.205971598625183,0.0,0.0
958,-0.013729233294725418,66.25730895996094,14.0,3.0,1.050755500793457,2.7335498332977295,1.2129971981048584,0.0,0.0
960,-0.010301030240952969,65.37215423583984,14.0,0.0,0.929922342300415,4.23198127746582,0.9990770816802979,0.0,0.0
962,-0.004895453341305256,77.79492950439453,13.0,1.0,0.7545962333679199,9.285167694091797,1.41681969165802,0.0,0.0
964,0.009941063821315765,76.07788848876953,15.0,2.0,0.8106778264045715,11.590283393859863,0.983795702457428,0.0,0.0
966,-0.00020160243730060756,19.521114349365234,10.0,3.0,0.777111828327179,-9.532578468322754,0.061118170619010925,0.0,1.0
968,-0.010138880461454391,71.26824951171875,12.0,4.0,0.7771576046943665,-1.1875399351119995,1.2612025737762451,0.0,0.0
970,-0.010138880461454391,74.61873626708984,13.0,4.0,0.8146876096725464,0.10144765675067902,1.1916613578796387,0.0,0.0
972,-0.010138880461454391,81.85008239746094,14.0,4.0,0.8256004452705383,3.8831963539123535,1.2612476348876953,0.0,0.0
974,0.005966234486550093,72.11094665527344,15.0,1.0,0.6281213164329529,11.344261169433594,1.2100647687911987,0.0,0.0
976,0.005966234486550093,75.52574920654297,16.0,1.0,0.6691709756851196,11.956007957458496,1.2041183710098267,0.0,0.0
978,0.02671770192682743,75.66627502441406,12.0,4.0,1.0390989780426025,13.00322437286377,0.9931575059890747,0.0,0.0
980,0.06014185771346092,74.22893524169922,7.0,1.0,0.8266046643257141,14.360898971557617,1.2579060792922974,0.0,0.0
982,0.06014185771346092,75.64395904541016,10.0,1.0,0.6160158514976501,20.020776748657227,1.0517499446868896,0.0,0.0
984,0.06576491892337799,72.50716400146484,13.0,1.0,0.6117042899131775,20.12361717224121,0.9545058608055115,0.0,0.0
986,0.06745471060276031,69.30780792236328,14.0,2.0,0.971818745136261,5.559677600860596,1.1068023443222046,0.0,0.0
988,0.0879034698009491,65.17266082763672,9.0,0.0,0.6150267124176025,10.983743667602539,1.012941837310791,0.0,0.0
990,0.0879034698009491,69.43583679199219,10.0,0.0,0.6352968811988831,12.72021484375,1.0996860265731812,0.0,0.0
992,0.06315535306930542,67.00199890136719,12.0,2.0,0.9838452935218811,4.17336893081665,1.1381665468215942,0.0,0.0
994,0.06613976508378983,65.19377899169922,16.0,3.0,1.120144248008728,3.9307587146759033,1.0614235401153564,0.0,0.0
996,0.07545556128025055,78.0619125366211,13.0,1.0,0.8553552627563477,9.568939208984375,1.4634640216827393,0.0,0.0
998,0.07545556128025055,77.47919464111328,14.0,1.0,0.8887866139411926,8.999674797058105,1.1900017261505127,0.0,0.0
1000,0.066189706325531,66.81779479980469,14.0,3.0,0.7179243564605713,10.77881908416748,0.9324675798416138,0.0,0.0
1002,0.06339959055185318,66.38375091552734,17.0,3.0,1.2327659130096436,3.5765299797058105,1.0416585206985474,0.0,0.0
1004,0.057052016258239746,65.95059204101562,17.0,4.0,0.5783278346061707,10.026168823242188,1.1195495128631592,0.0,0.0
